LAKE_NAME,reportyear,maxGrade
Acorn Lake,2006,2
Acorn Lake,2008,
Acorn Lake,2009,
Acorn Lake,2010,2
Alice Lake,2014,
Alimagnet Lake,1990,1
Alimagnet Lake,1995,2
Alimagnet Lake,1996,1
Alimagnet Lake,1997,2
Alimagnet Lake,1998,2
Alimagnet Lake,1999,1
Alimagnet Lake,2000,1
Alimagnet Lake,2001,1
Alimagnet Lake,2002,1
Alimagnet Lake,2003,1
Alimagnet Lake,2004,1
Alimagnet Lake,2005,1
Alimagnet Lake,2006,0
Alimagnet Lake,2007,1
Alimagnet Lake,2008,1
Alimagnet Lake,2009,1
Alimagnet Lake,2010,2
Alimagnet Lake,2011,2
Alimagnet Lake,2012,2
Alimagnet Lake,2013,1
Alimagnet Lake,2014,1
,,1.238095238
Anderson Pond,2010,2
Anderson Pond,2011,2
Anderson Pond,2012,
Anderson Pond,2014,2
,,2
Ann Lake,1985,4
Ann Lake,1989,3
Ann Lake,2002,4
Ann Lake,2009,3
Ann Lake,2010,4
Ann Lake,2012,4
,,3.666666667
Ardmore Lake,2007,0
Ardmore Lake,2008,0
Ardmore Lake,2009,0
Ardmore Lake,2010,0
Armstrong Lake,1998,1
Armstrong Lake,1999,1
Armstrong Lake,2000,2
Armstrong Lake,2001,1
Armstrong Lake,2002,2
Armstrong Lake,2003,2
Armstrong Lake,2004,2
Armstrong Lake,2005,2
Armstrong Lake,2006,2
Armstrong Lake,2007,1
Armstrong Lake,2008,2
Armstrong Lake,2009,2
Armstrong Lake,2010,2
Armstrong Lake,2011,2
Armstrong Lake,2012,2
Armstrong Lake,2013,
Armstrong Lake,2014,
Assumption Lake,1999,
Auburn Lake,1983,2
Auburn Lake,1986,3
Auburn Lake,1987,3
Auburn Lake,1989,2
Auburn Lake,1991,
Auburn Lake,1994,3
Aue Lake,1999,
Bald Eagle Lake,1980,1
Bald Eagle Lake,1981,2
Bald Eagle Lake,1983,2
Bald Eagle Lake,1984,2
Bald Eagle Lake,1986,2
Bald Eagle Lake,1988,2
Bald Eagle Lake,1989,2
Bald Eagle Lake,1990,2
Bald Eagle Lake,1991,2
Bald Eagle Lake,1992,2
Bald Eagle Lake,1993,3
Bald Eagle Lake,1994,2
Bald Eagle Lake,1995,2
Bald Eagle Lake,1996,2
Bald Eagle Lake,1997,2
Bald Eagle Lake,1998,2
Bald Eagle Lake,1999,2
Bald Eagle Lake,2000,2
Bald Eagle Lake,2001,1
Bald Eagle Lake,2004,2
Bald Eagle Lake,2005,2
Baldwin Lake,2011,
Barker Lake,1997,2
Barker Lake,1998,2
Barker Lake,1999,1
Barker Lake,2000,2
Barker Lake,2001,2
Barker Lake,2004,
Barker Lake,2005,
Barker Lake,2006,
Barker Lake,2007,1
Barker Lake,2008,1
Barker Lake,2009,
Barker Lake,2013,2
Barker Lake,2014,2
Barnes Lake,1999,
Bass Lake,1994,2
Bass Lake,1997,2
Bass Lake,1999,2
Bass Lake,2000,2
Bass Lake,2001,2
Bass Lake,2002,1
Bass Lake,2003,2
Bass Lake,2004,3
Bass Lake,2005,3
Bass Lake,2006,4
Bass Lake,2007,3
Bass Lake,2008,3
Bass Lake,2009,3
Bass Lake,2010,3
Bass Lake,2011,3
Bass Lake,2012,4
Bass Lake,2013,3
Bass Lake,2014,3
Bass Lake,1980,
Bass Lake,1991,2
Bass Lake,1992,3
Bass Lake,1997,2
Bass Lake,1998,2
Bass Lake,1999,2
Battle Creek Lake,1993,2
Battle Creek Lake,1994,2
Battle Creek Lake,1995,2
Battle Creek Lake,1996,2
Bavaria Lake,1983,2
Bavaria Lake,1986,2
Bavaria Lake,1987,2
Bavaria Lake,1994,3
Bavaria Lake,1996,3
Bavaria Lake,1997,4
Bavaria Lake,1998,4
Bavaria Lake,1999,3
Bavaria Lake,2000,3
Bavaria Lake,2001,3
Bavaria Lake,2002,3
Bavaria Lake,2003,3
Bavaria Lake,2004,3
Bavaria Lake,2005,2
Bavaria Lake,2006,3
Bavaria Lake,2007,3
Bavaria Lake,2008,2
Bavaria Lake,2009,3
Bavaria Lake,2010,3
Bavaria Lake,2011,3
Bavaria Lake,2012,2
Bavaria Lake,2013,2
Bavaria Lake,2014,2
Bay Pond,2006,0
Bay Pond,2007,0
Bay Pond,2008,0
Bay Pond,2009,0
Bay Pond,2010,0
Bay Pond,2012,0
Bay Pond,2013,1
Bay Pond,2014,0
Benton Lake,1999,0
Benton Lake,2000,0
Benton Lake,2001,0
Benton Lake,2003,0
Benton Lake,2005,0
Benton Lake,2007,0
Benton Lake,2008,0
Benton Lake,2009,0
Benton Lake,2010,1
Benton Lake,2011,0
Benton Lake,2012,0
Benton Lake,2013,0
Benton Lake,2014,0
Benz Lake,1998,
Benz Lake,2005,0
Benz Lake,2006,1
Benz Lake,2007,0
Benz Lake,2008,2
Benz Lake,2009,1
Benz Lake,2010,1
Benz Lake,2011,2
Benz Lake,2012,1
Benz Lake,2013,
Benz Lake,2014,
Berliner Lake,1999,
Beutel Pond,2008,
Beutel Pond,2009,
Beutel Pond,2010,
Big Carnelian Lake,1980,4
Big Carnelian Lake,1984,3
Big Carnelian Lake,1989,4
Big Carnelian Lake,1991,4
Big Carnelian Lake,1994,4
Big Carnelian Lake,1996,4
Big Carnelian Lake,1997,4
Big Carnelian Lake,1998,4
Big Carnelian Lake,1999,3
Big Carnelian Lake,2000,4
Big Carnelian Lake,2001,4
Big Carnelian Lake,2002,4
Big Carnelian Lake,2003,3
Big Carnelian Lake,2004,4
Big Carnelian Lake,2005,4
Big Carnelian Lake,2006,4
Big Carnelian Lake,2007,4
Big Carnelian Lake,2008,
Big Carnelian Lake,2009,
Big Carnelian Lake,2010,4
Big Carnelian Lake,2012,4
Big Carnelian Lake,2013,4
Big Carnelian Lake,2014,4
Big Comfort Lake,1994,2
Big Comfort Lake,1997,
Big Comfort Lake,2000,2
Big Comfort Lake,2001,3
Big Comfort Lake,2002,2
Big Comfort Lake,2003,2
Big Comfort Lake,2004,2
Big Comfort Lake,2005,3
Big Comfort Lake,2006,2
Big Comfort Lake,2007,3
Big Comfort Lake,2008,3
Big Comfort Lake,2009,3
Big Comfort Lake,2010,3
Big Comfort Lake,2011,2
Big Comfort Lake,2012,2
Big Comfort Lake,2013,3
Big Comfort Lake,2014,2
Big Marine Lake,1980,3
Big Marine Lake,1981,3
Big Marine Lake,1984,3
Big Marine Lake,1989,4
Big Marine Lake,1991,3
Big Marine Lake,1994,4
Big Marine Lake,1996,4
Big Marine Lake,1997,4
Big Marine Lake,1998,4
Big Marine Lake,1999,3
Big Marine Lake,2000,4
Big Marine Lake,2001,4
Big Marine Lake,2002,3
Big Marine Lake,2003,4
Big Marine Lake,2004,4
Big Marine Lake,2005,4
Big Marine Lake,2006,3
Big Marine Lake,2007,4
Big Marine Lake,2008,
Big Marine Lake,2009,
Big Marine Lake,2010,
Big Marine Lake,2011,4
Big Marine Lake,2013,4
Big Marine Lake,2014,4
Big Woods Lake,2014,0
Birch Lake,1980,
Birch Lake,2005,
Birch Lake,2006,1
Birch Lake,2007,2
Birch Lake,2008,2
Bone Lake,1984,2
Bone Lake,1987,2
Bone Lake,1988,2
Bone Lake,1989,2
Bone Lake,1991,2
Bone Lake,1993,2
Bone Lake,1997,2
Bone Lake,1998,2
Bone Lake,1999,2
Bone Lake,2001,2
Bone Lake,2002,2
Bone Lake,2003,2
Bone Lake,2004,2
Bone Lake,2005,2
Bone Lake,2006,2
Bone Lake,2007,2
Bone Lake,2008,2
Bone Lake,2009,2
Bone Lake,2010,2
Bone Lake,2011,3
Bone Lake,2012,2
Bone Lake,2013,2
Bone Lake,2014,2
Brand Lake,1999,
Braunworth Lake,1999,
Brick Pond,2008,2
Brick Pond,2009,2
Brick Pond,2010,2
Brick Pond,2011,1
Brick Pond,2012,
Brick Pond,2013,
Brickyard Clayhole Lake,2002,4
Brickyard Clayhole Lake,2003,4
Brickyard Clayhole Lake,2004,4
Brickyard Clayhole Lake,2005,4
Brickyard Clayhole Lake,2006,4
Brickyard Clayhole Lake,2007,4
Brickyard Clayhole Lake,2008,4
Brickyard Clayhole Lake,2009,4
Brickyard Clayhole Lake,2010,4
Brickyard Clayhole Lake,2011,4
Brickyard Clayhole Lake,2012,4
Brickyard Clayhole Lake,2013,4
Brickyard Clayhole Lake,2014,4
Bryant Lake,1980,
Bryant Lake,1981,
Bryant Lake,1982,
Bryant Lake,1984,
Bryant Lake,1989,
Bryant Lake,1990,
Bryant Lake,1991,2
Bryant Lake,2012,
Buck Lake,2014,
Burandt Lake,1999,1
Burandt Lake,2000,2
Burandt Lake,2001,2
Burandt Lake,2004,2
Burandt Lake,2005,2
Burandt Lake,2009,
Burandt Lake,2010,2
Burandt Lake,2011,2
Burandt Lake,2012,
Burandt Lake,2013,2
Burandt Lake,2014,2
Bush Lake,1983,3
Bush Lake,1984,4
Bush Lake,1993,4
Bush Lake,1994,4
Bush Lake,1999,3
Bush Lake,2001,4
Bush Lake,2004,3
Bush Lake,2006,4
Bush Lake,2007,3
Bush Lake,2008,4
Bush Lake,2009,4
Bush Lake,2010,4
Bush Lake,2011,4
Bush Lake,2012,3
Bush Lake,2013,4
Bush Lake,2014,4
Byllesby Lake,2013,1
Byllesby Lake,2014,1
Byllesby Lake,1993,1
Byllesby Lake,1994,1
Byllesby Lake,1995,1
Calhoun Lake,1981,
Calhoun Lake,1984,
Campbell Lake,1999,
Campbell Lake,2000,0
Campbell Lake,2002,1
Campbell Lake,2005,0
Campbell Lake,2006,0
Capaul Pond,2008,2
Capaul Pond,2009,
Capaul Pond,2010,0
Carol Lake,1996,3
Carol Lake,1997,3
Carol Lake,1998,3
Carol Lake,1999,3
Carol Lake,2000,3
Carol Lake,2001,3
Carol Lake,2003,2
Carol Lake,2004,2
Carol Lake,2005,2
Carol Lake,2006,2
Carol Lake,2007,3
Carol Lake,2008,
Carol Lake,2009,
Carol Lake,2012,
Carol Lake,2013,
Carver Lake,1983,2
Carver Lake,1984,2
Carver Lake,1985,2
Carver Lake,1986,2
Carver Lake,1987,1
Carver Lake,1988,2
Carver Lake,1993,2
Carver Lake,1994,2
Carver Lake,1995,2
Carver Lake,1996,3
Cates Lake,2002,3
Cates Lake,2003,3
Cates Lake,2004,3
Cates Lake,2005,3
Cates Lake,2006,3
Cates Lake,2007,3
Cates Lake,2008,3
Cates Lake,2009,3
Cates Lake,2010,4
Cates Lake,2011,3
Cates Lake,2012,
Cates Lake,2013,3
Cedar Island Lake,1984,2
Cedar Island Lake,1995,0
Cedar Island Lake,2001,1
Cedar Island Lake,2003,0
Cedar Island Lake,2006,0
Cedar Island Lake,2009,0
Cedar Lake,2006,1
Cedar Lake,2007,1
Cedar Lake,2008,1
Cedar Lake,2009,
Cedar Lake,2010,1
Cedar Lake,2011,1
Cedar Lake,2012,1
Cedar Lake,2013,1
Cedar Lake,2014,2
Cedar Lake,1980,0
Cedar Lake,1981,1
Cedar Lake,1984,1
Cedar Lake,1990,
Cedar Lake,1993,1
Cedar Lake,1994,
Cedar Lake,1998,1
Cedar Lake,2001,0
Cedar Lake,2005,2
Cedar Lake,2008,
Cedar Lake,2009,
Cedar Lake,2010,
Cenaiko Lake,1997,3
Cenaiko Lake,1998,4
Cenaiko Lake,1999,4
Cenaiko Lake,2000,4
Cenaiko Lake,2001,3
Cenaiko Lake,2002,4
Cenaiko Lake,2003,4
Cenaiko Lake,2004,4
Cenaiko Lake,2005,4
Cenaiko Lake,2006,4
Cenaiko Lake,2007,4
Cenaiko Lake,2008,3
Cenaiko Lake,2009,3
Cenaiko Lake,2010,3
Cenaiko Lake,2011,3
Cenaiko Lake,2012,3
Centerville Lake,1980,1
Centerville Lake,1981,2
Centerville Lake,1983,2
Centerville Lake,1988,1
Centerville Lake,2000,2
Centerville Lake,2001,2
Centerville Lake,2002,
Centerville Lake,2003,2
Centerville Lake,2004,2
Centerville Lake,2009,
Charley Lake,1985,
Christmas Lake,1980,4
Christmas Lake,1981,4
Christmas Lake,1985,4
Christmas Lake,1997,4
Christmas Lake,1998,4
Christmas Lake,1999,4
Christmas Lake,2002,4
Christmas Lake,2003,4
Christmas Lake,2010,
Christmas Lake,2011,
Christmas Lake,2012,
Christmas Lake,2013,
Chub Lake,1980,1
Chub Lake,1993,1
Chub Lake,1994,1
Chub Lake,1995,1
Chub Lake,2010,
Chub Lake,2011,0
Clear Lake,1980,2
Clear Lake,1984,2
Clear Lake,1990,
Clear Lake,1993,2
Clear Lake,1994,3
Clear Lake,1995,3
Clear Lake,1996,3
Clear Lake,1997,3
Clear Lake,1998,3
Clear Lake,1999,3
Clear Lake,2000,2
Clear Lake,2001,2
Clear Lake,2002,3
Clear Lake,2003,3
Clear Lake,2004,
Clear Lake,2006,2
Clear Lake,2008,4
Clear Lake,2009,4
Clear Lake,2010,4
Clear Lake,2011,
Clear Lake,2012,
Clear Lake,2013,
Clear Lake,2014,4
Cleary Lake,1984,
Cloverdale Lake,2001,2
Cloverdale Lake,2002,3
Cloverdale Lake,2003,3
Cloverdale Lake,2004,3
Cloverdale Lake,2005,4
Cloverdale Lake,2006,3
Cloverdale Lake,2007,3
Cloverdale Lake,2008,3
Cloverdale Lake,2009,3
Cloverdale Lake,2010,3
Cloverdale Lake,2011,4
Cloverdale Lake,2012,3
Cloverdale Lake,2013,4
Cobblecrest Lake,2002,2
Cobblecrest Lake,2004,0
Cobblecrest Lake,2005,0
Cobblecrest Lake,2006,0
Cobblecrest Lake,2007,0
Cobblecrest Lake,2008,0
Cobblecrest Lake,2009,0
Cobblecrest Lake,2010,0
Cobblecrest Lake,2011,1
Cobblecrest Lake,2012,
Cobblecrest Lake,2013,1
Cobblecrest Lake,2014,
Cobblestone Lake,2005,1
Cobblestone Lake,2006,2
Cobblestone Lake,2007,2
Cobblestone Lake,2008,2
Cobblestone Lake,2009,2
Cobblestone Lake,2010,2
Cobblestone Lake,2011,2
Cobblestone Lake,2012,2
Cobblestone Lake,2013,2
Cobblestone Lake,2014,2
Cody Lake,2007,0
Colby Lake,1994,1
Colby Lake,1995,0
Colby Lake,1996,0
Colby Lake,1997,1
Colby Lake,1998,0
Colby Lake,1999,1
Colby Lake,2000,1
Colby Lake,2001,0
Colby Lake,2002,1
Colby Lake,2003,0
Colby Lake,2004,1
Colby Lake,2005,1
Colby Lake,2006,0
Colby Lake,2007,1
Colby Lake,2008,0
Colby Lake,2009,
Colby Lake,2010,1
Colby Lake,2011,1
Colby Lake,2012,1
Colby Lake,2013,1
Colby Lake,2014,1
Coon Lake,1980,2
Coon Lake,1984,2
Coon Lake,1994,3
Coon Lake,1997,3
Coon Lake,2009,
Cornelia Lake,2003,0
Cornelia Lake,2005,0
Cornelia Lake,2006,0
Cornelia Lake,2007,0
Cornelia Lake,2008,1
Cornelia Lake,2009,1
Cornelia Lake,2013,
Cornelia Lake,2014,1
Courthouse Lake,1996,4
Courthouse Lake,1997,3
Courthouse Lake,1998,4
Courthouse Lake,1999,4
Courthouse Lake,2000,4
Courthouse Lake,2001,4
Courthouse Lake,2002,3
Courthouse Lake,2003,4
Courthouse Lake,2004,4
Courthouse Lake,2005,4
Courthouse Lake,2006,4
Courthouse Lake,2007,4
Courthouse Lake,2008,4
Courthouse Lake,2009,4
Courthouse Lake,2010,4
Courthouse Lake,2011,4
Courthouse Lake,2012,4
Courthouse Lake,2013,3
Courthouse Lake,2014,4
Cowley Lake,1996,
Cowley Lake,2006,0
Cowley Lake,2007,1
Cowley Lake,2009,
Cowley Lake,2010,2
Crane Lake,1993,3
Crane Lake,2014,
Crooked Lake,1983,2
Crooked Lake,1989,2
Crooked Lake,1993,3
Crooked Lake,1994,3
Crooked Lake,1995,3
Crooked Lake,1996,3
Crooked Lake,1997,3
Crooked Lake,1998,3
Crooked Lake,1999,3
Crystal Lake,1980,2
Crystal Lake,1983,3
Crystal Lake,1986,1
Crystal Lake,1987,1
Crystal Lake,1988,0
Crystal Lake,1989,3
Crystal Lake,1992,1
Crystal Lake,1994,2
Crystal Lake,1995,2
Crystal Lake,1996,2
Crystal Lake,1997,3
Crystal Lake,1998,2
Crystal Lake,1999,2
Crystal Lake,2000,2
Crystal Lake,2001,3
Crystal Lake,2002,2
Crystal Lake,2003,2
Crystal Lake,2004,2
Crystal Lake,2005,2
Crystal Lake,2006,2
Crystal Lake,2007,2
Crystal Lake,2008,2
Crystal Lake,2009,3
Crystal Lake,2010,2
Crystal Lake,2011,3
Crystal Lake,2012,2
Crystal Lake,2013,3
Crystal Lake,2014,4
Cynthia Lake,1980,
Dan Patch Lake,1997,4
DeMontreville Lake,1980,2
DeMontreville Lake,1984,2
DeMontreville Lake,1991,2
DeMontreville Lake,1993,3
DeMontreville Lake,1995,3
DeMontreville Lake,2000,4
DeMontreville Lake,2003,4
DeMontreville Lake,2004,4
DeMontreville Lake,2005,3
DeMontreville Lake,2006,3
DeMontreville Lake,2007,2
DeMontreville Lake,2008,4
DeMontreville Lake,2009,3
DeMontreville Lake,2010,3
DeMontreville Lake,2011,4
DeMontreville Lake,2012,4
DeMontreville Lake,2013,4
DeMontreville Lake,2014,4
Dean Lake,2002,0
Dean Lake,2003,1
Dean Lake,2004,1
Dean Lake,2005,1
Dean Lake,2006,0
Dean Lake,2007,0
Dean Lake,2008,1
Dean Lake,2009,
Dean Lake,2010,2
Dean Lake,2011,
Deeg Lake,2001,1
Deep Lake,1985,
Diamond Lake,1980,0
Diamond Lake,1994,1
Diamond Lake,2004,0
Downs Lake,1999,1
Downs Lake,2001,0
Downs Lake,2002,0
Downs Lake,2003,1
Downs Lake,2004,0
Downs Lake,2005,1
Downs Lake,2006,0
Downs Lake,2007,0
Downs Lake,2008,
Downs Lake,2009,0
Downs Lake,2010,
Downs Lake,2012,0
Downs Lake,2013,0
Downs Lake,2014,1
DuBay Lake,2012,3
DuBay Lake,2013,3
DuBay Lake,2014,
Duck Lake,2014,
Dutch Lake,1984,
Eagle Lake,1980,1
Eagle Lake,1981,1
Eagle Lake,1983,2
Eagle Lake,1985,0
Eagle Lake,1986,2
Eagle Lake,1987,2
Eagle Lake,1991,2
Eagle Lake,1993,3
Eagle Lake,1996,3
Eagle Lake,1997,3
Eagle Lake,1998,3
Eagle Lake,1999,1
Eagle Lake,2000,3
Eagle Lake,2001,1
Eagle Lake,2002,2
Eagle Lake,2003,1
Eagle Lake,2004,1
Eagle Lake,2005,3
Eagle Lake,2006,0
Eagle Lake,2007,0
Eagle Lake,2008,0
Eagle Lake,2009,3
Eagle Lake,2010,1
Eagle Lake,2011,0
Eagle Lake,2012,2
Eagle Lake,2013,1
Eagle Lake,2014,0
Eagle Point Lake,1993,
Eagle Point Lake,2006,0
Eagle Point Lake,2007,2
Eagle Point Lake,2008,
Eagle Point Lake,2009,
Eagle Point Lake,2011,1
Eagle Point Lake,2012,0
Eagle Point Lake,2013,
Eagle Point Lake,2014,
Earley Lake,1994,2
Earley Lake,1995,2
Earley Lake,1996,2
Earley Lake,1997,2
Earley Lake,1998,2
Earley Lake,1999,2
Earley Lake,2000,2
Earley Lake,2001,2
Earley Lake,2002,2
Earley Lake,2003,2
Earley Lake,2004,2
Earley Lake,2005,2
Earley Lake,2006,3
Earley Lake,2007,2
Earley Lake,2008,3
Earley Lake,2009,3
Earley Lake,2010,2
Earley Lake,2011,3
Earley Lake,2012,3
Earley Lake,2013,2
Earley Lake,2014,3
East Boot Lake,1996,3
East Boot Lake,1997,3
East Boot Lake,1998,3
East Boot Lake,1999,2
East Boot Lake,2000,2
East Boot Lake,2001,2
East Boot Lake,2002,2
East Boot Lake,2003,2
East Boot Lake,2004,3
East Boot Lake,2005,3
East Boot Lake,2006,3
East Boot Lake,2007,3
East Boot Lake,2008,3
East Boot Lake,2009,4
East Boot Lake,2010,4
East Boot Lake,2011,3
East Boot Lake,2012,3
East Boot Lake,2013,4
East Boot Lake,2014,4
East Lake,2005,0
East Lake,2006,
East Lake,2007,0
East Lake,2008,1
East Lake,2010,1
East Lake,2011,0
East Lake,2012,0
East Lake,2013,1
East Lake,2014,2
East Twin Lake,1980,
East Twin Lake,1981,
East Twin Lake,1983,
East Twin Lake,1989,
East Twin Lake,1995,
East Twin Lake,1998,
East Twin Lake,2009,
East Twin Lake,2010,
Echo Lake,2006,1
Echo Lake,2007,1
Echo Lake,2008,
Echo Lake,2010,1
Echo Lake,2012,
Echo Lake,2013,
Echo Lake,2014,
Edina Lake,2004,1
Edina Lake,2005,1
Edith Lake,2005,4
Edith Lake,2006,3
Edith Lake,2007,4
Edith Lake,2008,3
Edith Lake,2009,3
Edith Lake,2011,3
Edith Lake,2012,3
Edith Lake,2013,4
Edith Lake,2014,4
Egg Lake,2001,
Elmo Lake,1980,3
Elmo Lake,1981,4
Elmo Lake,1982,3
Elmo Lake,1984,3
Elmo Lake,1987,
Elmo Lake,1988,4
Elmo Lake,1991,4
Elmo Lake,1994,4
Elmo Lake,2005,4
Elmo Lake,2006,4
Elmo Lake,2007,4
Elmo Lake,2008,4
Elmo Lake,2009,4
Elmo Lake,2010,4
Elmo Lake,2011,3
Elmo Lake,2012,4
Elmo Lake,2013,4
Elmo Lake,2014,4
Fahlstrom Pond,2008,
Fahlstrom Pond,2009,1
Fahlstrom Pond,2010,
Farquar Lake,1980,
Farquar Lake,1994,2
Farquar Lake,1995,1
Farquar Lake,1996,2
Farquar Lake,1997,1
Farquar Lake,1999,0
Farquar Lake,2000,0
Farquar Lake,2001,0
Farquar Lake,2002,0
Farquar Lake,2003,0
Farquar Lake,2004,0
Farquar Lake,2005,0
Farquar Lake,2006,1
Farquar Lake,2007,0
Farquar Lake,2008,1
Farquar Lake,2009,0
Farquar Lake,2010,1
Farquar Lake,2011,0
Farquar Lake,2012,0
Farquar Lake,2013,1
Farquar Lake,2014,1
Fireman's Clayhole Lake,2001,4
Fireman's Clayhole Lake,2002,4
Fireman's Clayhole Lake,2003,4
Fireman's Clayhole Lake,2004,4
Fireman's Clayhole Lake,2005,4
Fireman's Clayhole Lake,2006,3
Fireman's Clayhole Lake,2007,4
Fireman's Clayhole Lake,2008,4
Fireman's Clayhole Lake,2009,3
Fireman's Clayhole Lake,2010,3
Fireman's Clayhole Lake,2011,4
Fireman's Clayhole Lake,2012,3
Fireman's Clayhole Lake,2013,3
Fireman's Clayhole Lake,2014,4
Fish Lake,1980,2
Fish Lake,1981,
Fish Lake,1982,
Fish Lake,1984,1
Fish Lake,1985,
Fish Lake,1989,
Fish Lake,1990,
Fish Lake,1991,2
Fish Lake,1995,2
Fish Lake,1998,0
Fish Lake,1999,0
Fish Lake,2009,
Fish Lake,2011,
Fish Lake,1997,2
Fish Lake,1998,2
Fish Lake,1999,2
Fish Lake,2000,2
Fish Lake,2001,3
Fish Lake,2002,1
Fish Lake,2003,2
Fish Lake,2004,2
Fish Lake,2005,2
Fish Lake,2006,2
Fish Lake,2007,2
Fish Lake,2008,2
Fish Lake,2009,2
Fish Lake,2010,2
Fish Lake,2011,3
Fish Lake,2012,2
Fish Lake,2013,2
Fish Lake,2014,
Forest Lake,1980,2
Forest Lake,1984,2
Forest Lake,1986,2
Forest Lake,1988,2
Forest Lake,1989,3
Forest Lake,1990,
Forest Lake,1991,2
Forest Lake,1993,2
Forest Lake,1995,3
Forest Lake,1996,2
Forest Lake,1997,3
Forest Lake,1998,3
Forest Lake,1999,2
Forest Lake,2000,2
Forest Lake,2001,3
Forest Lake,2002,3
Forest Lake,2003,2
Forest Lake,2004,3
Forest Lake,2005,2
Forest Lake,2006,2
Forest Lake,2007,2
Forest Lake,2008,3
Forest Lake,2009,3
Forest Lake,2010,3
Forest Lake,2011,2
Forest Lake,2012,3
Forest Lake,2013,3
Forest Lake,2014,3
Fourth Lake,2014,
French Lake,2001,1
French Lake,2002,0
French Lake,2003,0
French Lake,2004,0
Friedrich's Pond,2006,0
Friedrich's Pond,2007,0
Friedrich's Pond,2008,1
Friedrich's Pond,2009,
Gables Lake,1998,1
Gables Lake,1999,1
Gaystock Lake,1999,
Gaystock Lake,2000,1
Gaystock Lake,2001,0
Gaystock Lake,2005,0
Gaystock Lake,2006,0
George Lake,1980,4
George Lake,1981,4
George Lake,1982,4
George Lake,1984,4
George Lake,1989,4
George Lake,1994,4
George Lake,1998,4
George Lake,2009,3
George Watch Lake,1981,0
George Watch Lake,1982,1
George Watch Lake,1983,1
George Watch Lake,1985,1
George Watch Lake,1987,1
George Watch Lake,1988,1
George Watch Lake,1989,0
George Watch Lake,1990,1
George Watch Lake,1991,0
George Watch Lake,1996,0
George Watch Lake,1997,1
George Watch Lake,1998,0
George Watch Lake,1999,1
George Watch Lake,2000,1
George Watch Lake,2001,0
George Watch Lake,2002,1
George Watch Lake,2003,1
George Watch Lake,2004,0
George Watch Lake,2005,1
George Watch Lake,2006,0
George Watch Lake,2007,0
George Watch Lake,2008,1
George Watch Lake,2009,1
George Watch Lake,2010,1
George Watch Lake,2011,1
George Watch Lake,2012,0
George Watch Lake,2013,0
George Watch Lake,2014,
German Lake,2002,3
German Lake,2003,3
German Lake,2004,3
German Lake,2005,3
German Lake,2006,3
German Lake,2007,3
German Lake,2008,
German Lake,2009,
German Lake,2012,
German Lake,2014,
Gervais Lake,1985,
Glen Lake,2006,3
Glen Lake,2007,4
Glen Lake,2008,
Goetschel Lake,2002,3
Goetschel Lake,2003,3
Goetschel Lake,2004,3
Goetschel Lake,2005,3
Goetschel Lake,2006,3
Goetschel Lake,2007,3
Goetschel Lake,2008,3
Goetschel Lake,2009,2
Goetschel Lake,2010,3
Goggins Lake,1999,2
Goggins Lake,2000,1
Goggins Lake,2001,1
Goggins Lake,2002,1
Goggins Lake,2003,2
Goggins Lake,2004,2
Goggins Lake,2005,2
Goggins Lake,2006,1
Goggins Lake,2007,1
Goggins Lake,2008,1
Goggins Lake,2009,1
Goggins Lake,2010,1
Goggins Lake,2011,2
Goggins Lake,2012,2
Goggins Lake,2013,2
Goggins Lake,2014,1
Golden Lake,1980,1
Golden Lake,1985,1
Golden Lake,1986,2
Golden Lake,1987,1
Golden Lake,1988,0
Golden Lake,1989,0
Golden Lake,1990,0
Golden Lake,1991,0
Golden Lake,1993,1
Golden Lake,1996,2
Golden Lake,1997,1
Golden Lake,1998,2
Golden Lake,1999,2
Golden Lake,2000,2
Golden Lake,2001,1
Golden Lake,2002,1
Golden Lake,2003,1
Golden Lake,2004,1
Golden Lake,2005,2
Golden Lake,2006,2
Golden Lake,2007,2
Golden Lake,2008,2
Golden Lake,2009,2
Golden Lake,2010,2
Goose Lake,1994,2
Goose Lake,1995,2
Goose Lake,1996,2
Goose Lake,1997,2
Goose Lake,1998,2
Goose Lake,1999,1
Goose Lake,2000,0
Goose Lake,2001,1
Goose Lake,2002,1
Goose Lake,2003,0
Goose Lake,2004,2
Goose Lake,2005,2
Goose Lake,2006,2
Goose Lake,2007,2
Goose Lake,2008,2
Goose Lake,2009,2
Goose Lake,2010,2
Goose Lake,2011,2
Goose Lake,2012,2
Goose Lake,2013,2
Goose Lake,2014,3
Goose Lake,1996,2
Goose Lake,2008,
Goose Lake,2009,
Grace Lake,2002,
Grace Lake,2003,1
Grace Lake,2004,1
Grace Lake,2005,2
Grace Lake,2006,
Grace Lake,2007,1
Grace Lake,2008,1
Grace Lake,2009,1
Grace Lake,2010,1
Grace Lake,2011,1
Grace Lake,2012,1
Grace Lake,2013,1
Grace Lake,2014,1
Grass Lake,1997,0
Haas Lake,2013,
Haas Lake,2014,
Hafften Lake,2000,2
Hafften Lake,2001,2
Hafften Lake,2004,2
Hafften Lake,2005,2
Hafften Lake,2006,2
Hafften Lake,2010,2
Hafften Lake,2013,2
Hafften Lake,2014,2
Halfbreed Lake,1986,3
Halfbreed Lake,1987,4
Halfbreed Lake,1988,4
Halfbreed Lake,1989,4
Halfbreed Lake,1991,4
Halfbreed Lake,1993,4
Halfbreed Lake,1996,4
Halfbreed Lake,1998,4
Halfbreed Lake,1999,4
Halfbreed Lake,2000,4
Halfbreed Lake,2001,4
Halfbreed Lake,2002,4
Halfbreed Lake,2003,4
Halfbreed Lake,2004,4
Halfbreed Lake,2005,4
Halfbreed Lake,2007,4
Halfbreed Lake,2008,4
Halfbreed Lake,2009,4
Halfbreed Lake,2010,4
Halfbreed Lake,2011,4
Halfbreed Lake,2012,4
Halfbreed Lake,2013,4
Halfbreed Lake,2014,4
Ham Lake,1984,3
Ham Lake,1993,4
Ham Lake,1994,3
Ham Lake,1996,4
Ham Lake,1997,4
Ham Lake,1998,3
Harriet Lake,1984,
Hart Lake,2004,
Hart Lake,2005,0
Hart Lake,2006,0
Harvey Lake,2004,1
Haughey Lake,2002,1
Hay Lake,1998,1
Hay Lake,1999,1
Hay Lake,2000,1
Hay Lake,2001,1
Hay Lake,2003,2
Hay Lake,2004,1
Hay Lake,2005,1
Hay Lake,2006,2
Hay Lake,2007,2
Hay Lake,2008,2
Hay Lake,2009,2
Hay Lake,2010,2
Hay Lake,2011,2
Hay Lake,2013,
Hay Lake,2014,
Hazeltine Lake,1999,
Hazeltine Lake,2000,0
Hazeltine Lake,2001,0
Hazeltine Lake,2005,0
Hazeltine Lake,2006,0
Hazeltine Lake,2009,0
Hazeltine Lake,2010,0
Hazeltine Lake,2011,0
Hazeltine Lake,2012,0
Hazeltine Lake,2013,0
Hazeltine Lake,2014,0
Heims Lake,2009,2
Heims Lake,2014,
Henry Lake,1995,1
Henry Lake,2005,1
Henry Lake,2006,2
Henry Lake,2007,1
Henry Lake,2008,1
Henry Lake,2009,0
Henry Lake,2010,0
Henry Lake,2011,1
Herber Pond,2004,2
Herber Pond,2005,1
Herber Pond,2006,2
Herber Pond,2007,1
Hidden Lake,2011,3
Highland Lake,1999,1
Highland Lake,2000,2
Highland Lake,2001,1
Highland Lake,2002,0
Highland Lake,2003,0
Highland Lake,2004,0
Highland Lake,2005,0
Highland Lake,2006,0
Highland Lake,2007,0
Holland Lake,1983,2
Holland Lake,1984,2
Holland Lake,1985,2
Holland Lake,1987,
Holland Lake,1988,3
Holland Lake,1993,4
Holland Lake,1999,4
Holland Lake,2010,
Holland Lake,2011,
Holland Lake,2012,
Holland Lake,2013,
Hornbean Lake,2006,2
Hornbean Lake,2007,2
Hornbean Lake,2008,3
Hornbean Lake,2009,
Hornbean Lake,2010,
Hornbean Lake,2014,
Horseshoe Lake,1995,3
Horseshoe Lake,1996,2
Horseshoe Lake,1999,
Horseshoe Lake,2006,3
Horseshoe Lake,2007,3
Horseshoe Lake,2008,3
Horseshoe Lake,2009,3
Horseshoe Lake,2010,3
Horseshoe Lake,2011,4
Horseshoe Lake,2012,2
Horseshoe Lake,2013,2
Horseshoe Lake,2014,2
Hydes Lake,1985,1
Hydes Lake,1991,1
Hydes Lake,1993,1
Hydes Lake,1996,1
Hydes Lake,1999,1
Hydes Lake,2000,1
Hydes Lake,2001,2
Hydes Lake,2002,1
Hydes Lake,2003,2
Hydes Lake,2004,1
Hydes Lake,2005,1
Hydes Lake,2006,1
Hydes Lake,2007,1
Hydes Lake,2008,0
Hydes Lake,2009,1
Hydes Lake,2010,2
Hydes Lake,2011,2
Hydes Lake,2012,2
Hydes Lake,2013,2
Hydes Lake,2014,2
Independence Lake,1980,1
Independence Lake,1981,2
Independence Lake,1983,
Independence Lake,1990,
Independence Lake,1993,3
Independence Lake,1994,2
Isabelle Lake,1994,0
Island Lake,1983,2
Island Lake,2003,3
Island Lake,2004,3
Island Lake,2005,2
Island Lake,2006,2
Island Lake,2007,3
Island Lake,2008,3
Island Lake,2009,2
Island Lake,2010,2
Island Lake,2011,2
Island Lake,2012,3
Jackson WMA,2010,2
Jackson WMA,2011,2
Jackson WMA,2012,2
Jackson WMA,2013,3
Jackson WMA,2014,2
Jane Lake,1984,2
Jane Lake,1986,3
Jane Lake,1987,3
Jane Lake,1991,3
Jane Lake,1994,4
Jane Lake,2000,4
Jane Lake,2004,4
Jane Lake,2005,4
Jane Lake,2006,4
Jane Lake,2007,4
Jane Lake,2008,4
Jane Lake,2009,4
Jane Lake,2010,4
Jane Lake,2011,4
Jane Lake,2012,
Jane Lake,2013,
Jane Lake,2014,
Jellums Lake,1996,1
Jellums Lake,1997,1
Jellums Lake,1998,1
Jellums Lake,1999,1
Jellums Lake,2000,0
Jellums Lake,2001,1
Jellums Lake,2002,1
Jellums Lake,2003,1
Jellums Lake,2004,1
Jellums Lake,2005,1
Jellums Lake,2006,1
Jellums Lake,2007,2
Jellums Lake,2008,2
Jellums Lake,2009,3
Jellums Lake,2010,2
Jellums Lake,2011,2
Johanna Lake,1981,
Johanna Lake,1985,
Johanna Lake,1989,
Jonathan Lake,2002,1
Jonathan Lake,2006,0
Jonathan Lake,2008,0
Jonathan Lake,2009,0
Jonathan Lake,2010,0
Jonathan Lake,2011,0
Jonathan Lake,2012,1
Jonathan Lake,2013,1
Jonathan Lake,2014,
Josephine Lake,1985,
Josephine Lake,1989,
Jubert Lake,2000,1
July Lake,2006,0
July Lake,2007,0
July Lake,2008,2
July Lake,2009,
July Lake,2011,1
July Lake,2012,1
July Lake,2013,1
July Lake,2014,1
Karth Lake,2007,2
Karth Lake,2008,2
Karth Lake,2009,2
Karth Lake,2010,2
Karth Lake,2011,3
Karth Lake,2012,3
Karth Lake,2013,3
Karth Lake,2014,3
Keller Lake,1985,
Keller Lake,1996,1
Keller Lake,1997,1
Keller Lake,1998,3
Keller Lake,1999,1
Keller Lake,2000,1
Keller Lake,2001,1
Keller Lake,2002,2
Keller Lake,2003,1
Keller Lake,2004,2
Keller Lake,2005,2
Keller Lake,2006,1
Keller Lake,2007,2
Keller Lake,2008,3
Keller Lake,2009,1
Keller Lake,2010,1
Keller Lake,2011,1
Keller Lake,2012,1
Keller Lake,2013,1
Keller Lake,2014,1
Kingsley Lake,1993,4
Kingsley Lake,1995,3
Kingsley Lake,1996,4
Kingsley Lake,1997,4
Kingsley Lake,2000,4
Kingsley Lake,2001,3
Kingsley Lake,2002,4
Kingsley Lake,2003,3
Kingsley Lake,2004,4
Kingsley Lake,2005,4
Kingsley Lake,2006,3
Kingsley Lake,2007,4
Kingsley Lake,2008,4
Kingsley Lake,2009,4
Kingsley Lake,2010,4
Kingsley Lake,2011,4
Kingsley Lake,2012,
Kingsley Lake,2013,
Kingsley Lake,2014,4
Kismet Lake,1998,2
Kismet Lake,1999,2
Kismet Lake,2000,2
Kismet Lake,2001,2
Kismet Lake,2002,2
Kismet Lake,2003,3
Kismet Lake,2004,3
Kismet Lake,2005,2
Kismet Lake,2006,2
Kismet Lake,2007,2
Kismet Lake,2008,2
Kismet Lake,2009,2
Kismet Lake,2010,2
Kismet Lake,2011,2
Kismet Lake,2012,
Kismet Lake,2013,
Kismet Lake,2014,
Klawitter Pond,2002,2
Klawitter Pond,2003,1
Klawitter Pond,2004,1
Klawitter Pond,2005,1
Klawitter Pond,2006,1
Klawitter Pond,2007,1
Klawitter Pond,2008,1
Klawitter Pond,2009,1
Klawitter Pond,2010,1
Klawitter Pond,2011,1
Klawitter Pond,2012,1
Klawitter Pond,2013,2
Klawitter Pond,2014,1
Kohlman Lake,1985,
Kramer Pond,2008,0
Kramer Pond,2009,0
Kramer Pond,2010,0
Kramer Pond,2012,0
Kramer Pond,2013,1
Kramer Pond,2014,0
La Lake,1994,2
La Lake,1995,3
La Lake,1996,2
La Lake,1997,2
La Lake,1998,3
La Lake,1999,2
La Lake,2000,2
La Lake,2001,2
La Lake,2002,2
La Lake,2003,2
La Lake,2004,
La Lake,2005,2
La Lake,2006,2
La Lake,2007,1
La Lake,2008,2
La Lake,2009,2
La Lake,2010,2
La Lake,2011,2
La Lake,2012,2
La Lake,2013,2
La Lake,2014,
Lac Lavon Lake,1997,4
Lac Lavon Lake,1998,4
Lac Lavon Lake,1999,4
Lac Lavon Lake,2000,4
Lac Lavon Lake,2001,4
Lac Lavon Lake,2002,4
Lac Lavon Lake,2003,4
Lac Lavon Lake,2004,4
Lac Lavon Lake,2005,4
Lac Lavon Lake,2006,4
Lac Lavon Lake,2007,4
Lac Lavon Lake,2008,3
Lac Lavon Lake,2009,4
Lac Lavon Lake,2010,4
Lac Lavon Lake,2011,3
Lac Lavon Lake,2012,4
Lac Lavon Lake,2013,4
Lac Lavon Lake,2014,4
Laddie Lake,1980,1
Laddie Lake,1993,3
Laddie Lake,1994,3
Laddie Lake,1995,3
Laddie Lake,2000,3
Laddie Lake,2001,3
Laddie Lake,2002,3
Laddie Lake,2003,3
Lake Forest,2008,0
Lake Forest,2009,0
Lake of the Isles,1984,
Langdon Lake,1984,
Langton Lake,2005,2
Langton Lake,2006,2
Langton Lake,2007,2
Langton Lake,2008,2
Langton Lake,2009,2
Langton Lake,2010,2
Langton Lake,2011,2
Langton Lake,2012,
Langton Lake,2013,
Laura Lake,2013,2
Laura Lake,2014,
Lee Lake,1994,2
Lee Lake,1995,2
Lee Lake,1996,2
Lee Lake,1997,2
Lee Lake,2000,1
Lee Lake,2001,2
Lee Lake,2002,2
Lee Lake,2003,2
Lee Lake,2004,2
Lee Lake,2005,2
Lee Lake,2006,2
Lee Lake,2007,2
Lee Lake,2008,2
Lee Lake,2009,4
Lee Lake,2010,4
Lee Lake,2011,3
Lee Lake,2012,2
Lee Lake,2013,3
Lee Lake,2014,
Legion Pond,2005,1
Legion Pond,2006,1
Legion Pond,2008,1
Legion Pond,2009,
Lemay Lake,2007,2
Lemay Lake,2008,3
Lemay Lake,2009,3
Lemay Lake,2010,3
Lemay Lake,2011,3
Lemay Lake,2012,
Lemay Lake,2013,3
Lemay Lake,2014,
Lendt Lake,2014,
Levander Pond,2010,0
Levander Pond,2011,0
Levander Pond,2012,
Levander Pond,2014,
Libbs Lake,2004,3
Lily Lake,1995,3
Lily Lake,1996,2
Lily Lake,1997,2
Lily Lake,1998,2
Lily Lake,1999,2
Lily Lake,2000,2
Lily Lake,2001,3
Lily Lake,2002,2
Lily Lake,2003,2
Lily Lake,2004,2
Lily Lake,2005,2
Lily Lake,2006,2
Lily Lake,2007,2
Lily Lake,2008,2
Lily Lake,2009,3
Lily Lake,2010,3
Lily Lake,2012,2
Lily Lake,2013,3
Lily Lake,2014,4
Linwood Lake,1980,3
Linwood Lake,1981,2
Linwood Lake,1983,2
Linwood Lake,1989,2
Linwood Lake,1994,2
Linwood Lake,1997,2
Linwood Lake,2008,2
Lippert Lake,1999,
Little Carnelian Lake,1991,4
Little Carnelian Lake,1992,4
Little Carnelian Lake,1996,4
Little Carnelian Lake,1997,4
Little Carnelian Lake,2000,4
Little Carnelian Lake,2001,4
Little Carnelian Lake,2002,4
Little Carnelian Lake,2003,4
Little Carnelian Lake,2004,4
Little Carnelian Lake,2005,4
Little Carnelian Lake,2006,4
Little Carnelian Lake,2007,4
Little Carnelian Lake,2008,
Little Carnelian Lake,2009,
Little Carnelian Lake,2010,
Little Carnelian Lake,2012,
Little Carnelian Lake,2013,4
Little Carnelian Lake,2014,4
Little Comfort Lake,1994,2
Little Comfort Lake,2006,2
Little Comfort Lake,2007,3
Little Comfort Lake,2008,2
Little Comfort Lake,2009,3
Little Comfort Lake,2010,3
Little Comfort Lake,2011,2
Little Comfort Lake,2012,2
Little Comfort Lake,2013,2
Little Comfort Lake,2014,2
Little Johanna Lake,2001,2
Little Johanna Lake,2002,2
Little Johanna Lake,2003,2
Little Johanna Lake,2004,2
Little Johanna Lake,2005,2
Little Johanna Lake,2006,2
Little Johanna Lake,2008,2
Little Johanna Lake,2009,2
Little Johanna Lake,2010,2
Little Johanna Lake,2011,2
Little Johanna Lake,2012,2
Little Johanna Lake,2013,2
Little Long Lake,1980,4
Little Long Lake,1984,4
Little Long Lake,1990,
Little Long Lake,1998,4
Little Long Lake,2001,4
Little Long Lake,2003,4
Little Long Lake,2006,3
Little Long Lake,2007,4
Little Long Lake,2009,4
Little Long Lake,2010,4
Little Long Lake,2012,4
Lochness Lake,2007,4
Lochness Lake,2008,3
Lochness Lake,2009,2
Lochness Lake,2010,3
Lochness Lake,2011,2
Lochness Lake,2012,2
Lochness Lake,2013,2
Lochness Lake,2014,2
Lone Lake,2009,3
Lone Lake,2010,3
Lone Lake,2011,3
Long Lake,1993,3
Long Lake,1994,2
Long Lake,1995,2
Long Lake,1996,2
Long Lake,1997,2
Long Lake,1998,0
Long Lake,1999,2
Long Lake,2000,3
Long Lake,2001,3
Long Lake,2002,2
Long Lake,2003,3
Long Lake,2004,4
Long Lake,2005,3
Long Lake,2006,3
Long Lake,2007,3
Long Lake,2008,4
Long Lake,2009,4
Long Lake,2010,4
Long Lake,2011,3
Long Lake,2012,3
Long Lake,2013,4
Long Lake,2014,3
Long Lake,1985,
Long Lake,1983,
Long Lake,1984,2
Long Lake,2003,3
Long Lake,1998,0
Long Lake,1999,0
Long Lake,2003,
Loon Lake,1987,
Loon Lake,1988,
Loon Lake,1996,0
Loon Lake,1997,0
Loon Lake,1998,0
Loon Lake,1999,0
Loon Lake,2000,1
Loon Lake,2001,1
Loon Lake,2002,1
Loon Lake,2003,0
Loon Lake,2004,0
Loon Lake,2005,0
Loon Lake,2006,0
Loon Lake,2007,0
Loon Lake,2008,0
Loon Lake,2009,0
Loon Lake,2010,0
Loon Lake,2011,
Loon Lake,2012,
Lost Lake,1993,0
Lost Lake,2006,2
Lost Lake,2007,2
Lost Lake,2008,3
Lost Lake,2013,
Lost Lake,2014,
Lost Lake,1982,0
Lotus Lake,1985,2
Lotus Lake,1990,
Lotus Lake,1999,2
Lotus Lake,2000,2
Lotus Lake,2003,1
Lotus Lake,2004,2
Lotus Lake,2005,2
Lotus Lake,2006,2
Lotus Lake,2007,2
Lotus Lake,2008,2
Lotus Lake,2009,2
Lotus Lake,2010,2
Lotus Lake,2011,2
Lotus Lake,2012,
Louise Lake,1996,2
Louise Lake,1997,1
Louise Lake,1998,2
Louise Lake,1999,1
Louise Lake,2000,2
Louise Lake,2001,1
Louise Lake,2002,1
Louise Lake,2004,
Louise Lake,2005,
Louise Lake,2006,
Louise Lake,2007,1
Louise Lake,2008,1
Louise Lake,2009,1
Louise Lake,2010,1
Louise Lake,2011,2
Lower Prior Lake,1980,2
Lower Prior Lake,1984,3
Lower Prior Lake,1990,
Lower Prior Lake,1992,2
Lower Prior Lake,1996,3
Lower Prior Lake,1997,4
Lower Prior Lake,1998,3
Lower Prior Lake,1999,4
Lower Prior Lake,2000,3
Lower Prior Lake,2001,3
Lower Prior Lake,2002,3
Lower Prior Lake,2003,3
Lower Prior Lake,2004,3
Lower Prior Lake,2005,4
Lower Prior Lake,2006,3
Lower Prior Lake,2007,3
Lower Prior Lake,2008,3
Lower Prior Lake,2009,4
Lower Prior Lake,2010,3
Lower Prior Lake,2011,4
Lower Prior Lake,2012,4
Lower Prior Lake,2013,4
Lower Prior Lake,2014,3
Lucy Lake,1985,2
Lucy Lake,2009,2
Lucy Lake,2010,2
Lucy Lake,2011,2
Lucy Lake,2012,2
Lucy Lake,2013,2
Lucy Lake,2014,2
Lynch Lake,2006,0
Lynch Lake,2007,0
Lynch Lake,2008,0
Lynch Lake,2009,0
Lynch Lake,2010,0
Lynch Lake,2011,1
Lynch Lake,2012,1
Lynch Lake,2013,2
Lynch Lake,2014,2
MacDonald Lake,2004,4
MacDonald Lake,2005,3
MacDonald Lake,2006,4
MacDonald Lake,2007,3
Magda Lake,1999,1
Magda Lake,2000,1
Magda Lake,2003,0
Magda Lake,2006,0
Magda Lake,2009,1
Magda Lake,2012,0
Maple Marsh Lake,1997,1
Maple Marsh Lake,1998,0
Maple Marsh Lake,1999,1
Maple Marsh Lake,2000,1
Maple Marsh Lake,2001,1
Maple Marsh Lake,2004,
Maple Marsh Lake,2005,
Maple Marsh Lake,2006,
Maple Marsh Lake,2007,1
Marcott Lake,1993,4
Marcott Lake,1995,4
Marcott Lake,1996,4
Marcott Lake,1997,4
Marcott Lake,1998,4
Marcott Lake,1999,4
Marcott Lake,2000,4
Marcott Lake,2001,4
Marcott Lake,2002,3
Marcott Lake,2012,3
Marcott Lake,2013,3
Maria Lake,1999,
Maria Lake,2000,0
Maria Lake,2001,1
Maria Lake,2005,0
Maria Lake,2012,0
Marion Lake,1980,2
Marion Lake,1981,1
Marion Lake,1983,2
Marion Lake,1987,2
Marion Lake,1989,2
Marion Lake,1994,3
Marion Lake,1999,3
Marion Lake,2000,3
Marion Lake,2001,3
Marion Lake,2002,2
Marion Lake,2003,2
Marion Lake,2004,2
Marion Lake,2005,2
Marion Lake,2006,2
Marion Lake,2007,2
Marion Lake,2008,2
Marion Lake,2009,2
Marion Lake,2010,2
Marion Lake,2011,3
Marion Lake,2012,3
Marion Lake,2013,3
Marion Lake,2014,4
Markgraf Lake,1994,1
Markgraf Lake,1995,2
Markgraf Lake,1996,2
Markgraf Lake,1997,1
Markgraf Lake,1998,0
Markgraf Lake,1999,1
Markgraf Lake,2000,2
Markgraf Lake,2001,1
Markgraf Lake,2002,1
Markgraf Lake,2003,1
Markgraf Lake,2004,1
Markgraf Lake,2005,1
Markgraf Lake,2006,0
Markgraf Lake,2007,1
Markgraf Lake,2008,1
Markgraf Lake,2009,0
Markgraf Lake,2010,0
Markgraf Lake,2011,1
Markgraf Lake,2012,0
Markgraf Lake,2013,1
Markgraf Lake,2014,1
Markley Lake,1997,2
Markley Lake,1998,2
Markley Lake,1999,2
Markley Lake,2000,2
Markley Lake,2001,2
Markley Lake,2002,2
Markley Lake,2003,2
Markley Lake,2004,2
Markley Lake,2006,2
Markley Lake,2007,2
Marsh Lake,1999,
Marshan Lake,1981,1
Marshan Lake,1983,1
Marshan Lake,1985,1
Marshan Lake,1987,0
Marshan Lake,1988,1
Marshan Lake,1989,1
Marshan Lake,1990,1
Marshan Lake,1996,0
Marshan Lake,1997,0
Marshan Lake,1998,1
Marshan Lake,1999,0
Marshan Lake,2000,0
Marshan Lake,2001,0
Martin Lake,1983,1
Martin Lake,1997,1
Martin Lake,1998,1
Martin Lake,1999,2
Martin Lake,2000,1
Martin Lake,2001,1
Martin Lake,2003,1
Martin Lake,2005,1
Martin Lake,2007,1
Martin Lake,2008,1
Masterman Lake,2006,2
Masterman Lake,2007,2
Masterman Lake,2008,2
Masterman Lake,2009,2
Masterman Lake,2010,2
Masterman Lake,2011,2
Masterman Lake,2012,
Masterman Lake,2013,
Masterman Lake,2014,
Mays Lake,2008,4
Mays Lake,2009,4
Mays Lake,2010,4
Mays Lake,2011,
Mays Lake,2012,
Mays Lake,2013,
Mays Lake,2014,4
McCarrons Lake,1984,3
McCarrons Lake,1985,2
McCarrons Lake,1986,3
McCarrons Lake,1987,2
McCarrons Lake,1988,2
McCarrons Lake,1989,2
McCarrons Lake,1990,
McCarrons Lake,1991,2
McCarrons Lake,1993,2
McCarrons Lake,1994,3
McCarrons Lake,1995,2
McCarrons Lake,1996,2
McCarrons Lake,1999,2
McCarrons Lake,2000,2
McCarrons Lake,2001,3
McCarrons Lake,2002,2
McCarrons Lake,2004,2
McCarrons Lake,2005,4
McDonald Lake,1999,2
McDonald Lake,2001,2
McDonald Lake,2002,2
McDonald Lake,2003,2
McDonald Lake,2004,3
McDonald Lake,2005,2
McDonald Lake,2006,2
McDonald Lake,2007,1
McDonald Lake,2008,2
McDonald Lake,2009,2
McDonald Lake,2011,1
McDonald Lake,2012,2
McDonald Lake,2013,2
McDonald Lake,2014,2
McDonough Lake,1985,3
McDonough Lake,1999,2
McKnight Lake,2006,0
McKnight Lake,2008,0
McKnight Lake,2009,0
McKnight Lake,2010,0
McKnight Lake,2011,0
McKnight Lake,2012,0
McKnight Lake,2013,1
McKnight Lake,2014,1
McKusick Lake,1994,1
McKusick Lake,1995,1
McKusick Lake,1996,1
McKusick Lake,1997,2
McKusick Lake,1998,1
McKusick Lake,1999,1
McKusick Lake,2000,3
McKusick Lake,2001,3
McKusick Lake,2002,2
McKusick Lake,2003,2
McKusick Lake,2004,3
McKusick Lake,2005,2
McKusick Lake,2006,2
McKusick Lake,2007,2
McKusick Lake,2008,2
McKusick Lake,2009,3
McKusick Lake,2010,3
McKusick Lake,2011,2
McKusick Lake,2012,3
McKusick Lake,2013,2
McKusick Lake,2014,2
McMahon Lake,1980,1
McMahon Lake,1984,1
McMahon Lake,1995,1
McMahon Lake,1998,1
McMahon Lake,2001,1
McMahon Lake,2005,1
McMahon Lake,2006,1
McMahon Lake,2007,2
McMahon Lake,2008,1
McMahon Lake,2009,2
McMahon Lake,2010,2
McMahon Lake,2011,2
McMahon Lake,2012,2
McMahon Lake,2013,2
McMahon Lake,2014,2
Meadow Lake,1996,0
Meadow Lake,1999,0
Meadow Lake,2002,0
Meadow Lake,2005,0
Meadow Lake,2008,0
Meadow Lake,2011,0
Meadow Lake,2014,
Medicine Lake,1980,
Medicine Lake,1981,2
Medicine Lake,1983,2
Medicine Lake,1990,2
Medicine Lake,1991,2
Medicine Lake,2010,2
Medicine Lake,2011,2
Medicine Lake,2012,2
Medicine Lake,2013,2
Medicine Lake,2014,2
Medina Lake,2012,
Mergens Pond,2000,1
Mergens Pond,2003,
Mergens Pond,2004,
Mergens Pond,2005,2
Mergens Pond,2008,0
Mergens Pond,2009,
Meuwissen Lake,1999,
Meuwissen Lake,2008,0
Miller Lake,1995,0
Miller Lake,1996,0
Miller Lake,1997,1
Miller Lake,1999,1
Miller Lake,2000,1
Miller Lake,2001,1
Miller Lake,2002,1
Miller Lake,2003,0
Miller Lake,2004,0
Miller Lake,2005,1
Miller Lake,2006,0
Miller Lake,2007,0
Miller Lake,2008,1
Miller Lake,2009,0
Miller Lake,2010,1
Miller Lake,2011,1
Miller Lake,2012,0
Miller Lake,2013,1
Miller Lake,2014,1
Minnetoga Lake,2000,
Minnetoga Lake,2007,2
Minnetoga Lake,2008,3
Minnetoga Lake,2010,3
Minnetoga Lake,2011,2
Minnetoga Lake,2012,3
Minnetoga Lake,2013,2
Minnetoga Lake,2014,3
Minnetonka Lake,1980,
Minnetonka Lake,1981,
Minnewashta Lake,1984,4
Minnewashta Lake,1990,4
Minnewashta Lake,1993,4
Minnewashta Lake,1997,4
Minnewashta Lake,1998,4
Minnewashta Lake,1999,4
Minnewashta Lake,2002,3
Minnewashta Lake,2003,4
Minnewashta Lake,2010,3
Minnewashta Lake,2011,4
Minnewashta Lake,2012,3
Minnewashta Lake,2013,3
Minnewashta Lake,2014,4
Mitchell Lake,1991,2
Mitchell Lake,1995,2
Mitchell Lake,1999,1
Mitchell Lake,2000,1
Mitchell Lake,2003,1
Mitchell Lake,2004,2
Mitchell Lake,2005,2
Mitchell Lake,2006,1
Mitchell Lake,2007,2
Mitchell Lake,2008,2
Mitchell Lake,2009,2
Mitchell Lake,2010,2
Mitchell Lake,2011,2
Mitchell Lake,2012,2
Mitchell Lake,2013,2
Mitchell Lake,2014,2
Moody Lake,2005,1
Moody Lake,2006,1
Moody Lake,2007,
Moody Lake,2010,1
Moody Lake,2011,1
Moody Lake,2012,1
Moody Lake,2013,1
Moody Lake,2014,1
Mooney Lake,1988,0
Mooney Lake,1989,0
Mooney Lake,1990,0
Mooney Lake,1991,1
Mooney Lake,1999,1
Moore Lake,1980,2
Moore Lake,1981,2
Moore Lake,1982,2
Moore Lake,1983,2
Moore Lake,1993,2
Moore Lake,1994,2
Mud Lake,1996,1
Mud Lake,1997,0
Mud Lake,1998,0
Mud Lake,1999,0
Mud Lake,2000,0
Mud Lake,2001,0
Mud Lake,2004,
Mud Lake,2005,
Mud Lake,2006,
Mud Lake,2007,
Mud Lake,2010,1
Mud Lake,2011,1
Myers Lake,1999,
Nokomis Lake,1980,
Nokomis Lake,1984,
Normandale Lake,2006,2
Normandale Lake,2007,3
Normandale Lake,2009,3
Normandale Lake,2010,2
Normandale Lake,2011,2
Normandale Lake,2012,2
North Twin Lake,1996,2
North Twin Lake,1997,3
North Twin Lake,1998,2
North Twin Lake,1999,3
North Twin Lake,2000,3
North Twin Lake,2001,3
North Twin Lake,2003,3
North Twin Lake,2004,3
North Twin Lake,2005,3
North Twin Lake,2006,3
North Twin Lake,2007,2
North Twin Lake,2008,
North Twin Lake,2009,
North Twin Lake,2010,
North Twin Lake,2012,
North Twin Lake,2013,
Northwood Lake,2000,1
Northwood Lake,2001,1
Northwood Lake,2002,2
Northwood Lake,2003,1
Northwood Lake,2004,2
Northwood Lake,2005,2
Northwood Lake,2006,1
Northwood Lake,2007,1
Northwood Lake,2008,1
Northwood Lake,2009,1
Northwood Lake,2010,1
Northwood Lake,2011,1
Northwood Lake,2012,1
Northwood Lake,2013,1
Northwood Lake,2014,
O'Connors Lake,2005,2
O'Connors Lake,2006,3
O'Connors Lake,2007,2
O'Connors Lake,2008,2
O'Connors Lake,2009,1
O'Connors Lake,2010,1
O'Connors Lake,2011,3
O'Connors Lake,2012,
O'Connors Lake,2013,3
O'Connors Lake,2014,
O'Dowd Lake,1984,2
O'Dowd Lake,1994,2
O'Dowd Lake,1997,2
O'Dowd Lake,2000,2
O'Dowd Lake,2002,1
O'Dowd Lake,2005,2
O'Dowd Lake,2006,1
O'Dowd Lake,2007,2
O'Dowd Lake,2008,2
O'Dowd Lake,2009,2
O'Dowd Lake,2010,2
O'Dowd Lake,2011,2
O'Dowd Lake,2012,2
O'Dowd Lake,2013,2
O'Dowd Lake,2014,3
Oak Lake,1999,
Oak Lake,2001,
Oak Lake,2002,2
Oak Lake,2003,2
Oak Lake,2004,1
Oak Lake,2005,2
Oak Lake,2006,2
Oak Lake,2007,0
Oak Lake,2008,1
Ohmans Lake,2012,4
Ohmans Lake,2013,4
Olson Lake,1984,2
Olson Lake,1991,3
Olson Lake,1993,3
Olson Lake,1995,3
Olson Lake,2000,4
Olson Lake,2003,4
Olson Lake,2004,4
Olson Lake,2005,3
Olson Lake,2006,3
Olson Lake,2007,3
Olson Lake,2008,4
Olson Lake,2009,4
Olson Lake,2010,3
Olson Lake,2011,4
Olson Lake,2012,3
Olson Lake,2013,4
Olson Lake,2014,4
Oneka Lake,1981,3
Oneka Lake,1983,2
Oneka Lake,1985,3
Oneka Lake,1987,3
Oneka Lake,1990,2
Oneka Lake,1991,2
Oneka Lake,1992,3
Oneka Lake,1999,3
Oneka Lake,2000,3
Oneka Lake,2001,2
Oneka Lake,2002,2
Oneka Lake,2003,3
Oneka Lake,2004,3
Oneka Lake,2010,
Oneka Lake,2011,
Oneka Lake,2012,
Oneka Lake,2014,
Orchard Lake,1980,2
Orchard Lake,1981,3
Orchard Lake,1983,3
Orchard Lake,1989,3
Orchard Lake,1993,2
Orchard Lake,1998,2
Orchard Lake,1999,2
Orchard Lake,2000,2
Orchard Lake,2001,3
Orchard Lake,2003,2
Orchard Lake,2004,3
Orchard Lake,2005,3
Orchard Lake,2006,3
Orchard Lake,2007,2
Orchard Lake,2008,4
Orchard Lake,2009,4
Orchard Lake,2010,4
Orchard Lake,2011,3
Orchard Lake,2012,3
Orchard Lake,2013,4
Orchard Lake,2014,4
Otter Lake,1980,
Otter Lake,1983,
Owasso Lake,1980,
Owasso Lake,1983,
Ox Yoke Lake,2008,
Pamela Pond,2004,2
Pamela Pond,2005,2
Parkers Lake,1980,2
Parkers Lake,1990,
Parkers Lake,1995,2
Parkers Lake,1999,2
Parkers Lake,2000,4
Parkers Lake,2002,4
Parkers Lake,2003,3
Parkers Lake,2004,3
Parkers Lake,2005,3
Parkers Lake,2006,3
Parkers Lake,2007,3
Parkers Lake,2008,3
Parkers Lake,2009,3
Parkers Lake,2010,4
Parkers Lake,2012,3
Parley Lake,1984,1
Parley Lake,1986,1
Parley Lake,1987,1
Parley Lake,1991,1
Parley Lake,1996,1
Parley Lake,1999,1
Parley Lake,2001,
Parley Lake,2003,1
Parley Lake,2006,1
Pat Lake,2006,2
Pat Lake,2007,3
Pat Lake,2008,2
Pat Lake,2009,2
Pat Lake,2010,2
Pat Lake,2011,3
Pat Lake,2012,3
Pat Lake,2013,2
Pat Lake,2014,3
Patterson Lake,1999,
Peltier Lake,1983,1
Peltier Lake,1993,1
Peltier Lake,1994,0
Peltier Lake,1995,1
Peltier Lake,1996,1
Peltier Lake,1997,1
Peltier Lake,1998,1
Peltier Lake,1999,1
Peltier Lake,2000,1
Peltier Lake,2001,0
Peltier Lake,2002,0
Peltier Lake,2003,1
Peltier Lake,2004,1
Peltier Lake,2005,1
Peltier Lake,2006,0
Peltier Lake,2007,1
Penn Lake,2009,0
Penn Lake,2010,0
Penn Lake,2011,
Penn Lake,2012,0
Penn Lake,2013,1
Penn Lake,2014,
Pepin Lake,2007,0
Peter Lake,2009,3
Peter Lake,2010,
Peter Lake,2011,
Phalen Lake,1980,
Phalen Lake,1981,
Phalen Lake,1985,
Pickerel Lake,1980,2
Pickerel Lake,1995,3
Pickerel Lake,2010,
Pickerel Lake,2011,3
Pierson Lake,1980,3
Pierson Lake,1981,4
Pierson Lake,1982,4
Pierson Lake,1983,
Pierson Lake,1989,4
Pierson Lake,1995,3
Pierson Lake,2001,3
Pierson Lake,2002,3
Pierson Lake,2003,3
Pierson Lake,2006,3
Pike Lake,1996,2
Pike Lake,1997,2
Pike Lake,1998,1
Pike Lake,1999,1
Pike Lake,2000,2
Pike Lake,2001,1
Pike Lake,2002,1
Pike Lake,2003,1
Pike Lake,2004,1
Pike Lake,2005,1
Pike Lake,2006,1
Pike Lake,2007,2
Pike Lake,2008,1
Pike Lake,2009,1
Pike Lake,2011,2
Pike Lake,1981,1
Pike Lake,1982,1
Pike Lake,1983,2
Pike Lake,1985,2
Pike Lake,1986,2
Pike Lake,1987,1
Pike Lake,1988,1
Pike Lake,1989,1
Pike Lake,1990,1
Pike Lake,1991,0
Pine Tree Lake,1985,1
Pine Tree Lake,1993,3
Pine Tree Lake,1994,3
Pine Tree Lake,1995,2
Pine Tree Lake,1996,2
Pine Tree Lake,1997,3
Pine Tree Lake,1998,3
Pine Tree Lake,1999,3
Pine Tree Lake,2000,3
Pine Tree Lake,2001,3
Pine Tree Lake,2002,2
Pine Tree Lake,2003,2
Pine Tree Lake,2004,3
Pine Tree Lake,2005,3
Pine Tree Lake,2006,3
Pine Tree Lake,2007,3
Pine Tree Lake,2008,3
Pine Tree Lake,2009,4
Pine Tree Lake,2010,4
Pine Tree Lake,2011,3
Pine Tree Lake,2012,4
Pine Tree Lake,2013,4
Pine Tree Lake,2014,3
Plaisted Lake,2008,2
Plaisted Lake,2009,2
Plaisted Lake,2010,2
Plaisted Lake,2011,2
Plaisted Lake,2012,2
Plaisted Lake,2013,2
Plaisted Lake,2014,
Pleasant Lake,1985,
Pleasant Lake,1993,0
Pleasant Lake,2010,
Pomerleau Lake,1996,2
Pomerleau Lake,1999,2
Pomerleau Lake,2001,2
Pomerleau Lake,2003,1
Pomerleau Lake,2014,2
Powers Lake,1994,4
Powers Lake,1995,3
Powers Lake,1996,4
Powers Lake,1997,3
Powers Lake,1998,2
Powers Lake,1999,4
Powers Lake,2000,3
Powers Lake,2001,2
Powers Lake,2002,2
Powers Lake,2003,3
Powers Lake,2004,2
Powers Lake,2005,2
Powers Lake,2006,2
Powers Lake,2007,2
Powers Lake,2008,3
Powers Lake,2009,3
Powers Lake,2010,2
Powers Lake,2011,2
Powers Lake,2012,4
Powers Lake,2013,4
Powers Lake,2014,3
Priebe Lake,2008,0
Priebe Lake,2009,1
Priebe Lake,2010,
Priebe Lake,2011,1
Priebe Lake,2012,0
Raven Lake,1995,2
Raven Lake,1996,2
Raven Lake,1997,2
Rebecca Lake,1983,
Rebecca Lake,1984,
Rebecca Lake,1985,
Red Rock Lake,1999,2
Red Rock Lake,2000,2
Red Rock Lake,2003,1
Red Rock Lake,2004,1
Red Rock Lake,2006,1
Red Rock Lake,2011,
Red Rock Lake,2014,2
Regional Park Lake,1998,1
Regional Park Lake,1999,2
Regional Park Lake,2000,1
Regional Park Lake,2001,1
Regional Park Lake,2002,1
Regional Park Lake,2003,1
Regional Park Lake,2004,2
Regional Park Lake,2005,2
Regional Park Lake,2006,2
Regional Park Lake,2007,2
Regional Park Lake,2008,2
Regional Park Lake,2009,3
Regional Park Lake,2010,2
Regional Park Lake,2011,2
Regional Park Lake,2012,1
Regional Park Lake,2013,2
Regional Park Lake,2014,2
Reitz Lake,1985,1
Reitz Lake,1991,1
Reitz Lake,1993,1
Reitz Lake,1999,2
Reitz Lake,2000,2
Reitz Lake,2001,1
Reitz Lake,2002,2
Reitz Lake,2003,2
Reitz Lake,2004,2
Reitz Lake,2005,2
Reitz Lake,2006,2
Reitz Lake,2007,3
Reitz Lake,2008,2
Reitz Lake,2009,2
Reitz Lake,2010,3
Reitz Lake,2011,2
Reitz Lake,2012,1
Reitz Lake,2013,2
Reitz Lake,2014,2
Reshanau Lake,1980,
Reshanau Lake,1999,
Reshanau Lake,2000,
Reshanau Lake,2001,
Reshanau Lake,2006,1
Reshanau Lake,2007,1
Reshanau Lake,2008,1
Reshanau Lake,2009,1
Reshanau Lake,2010,1
Reshanau Lake,2011,1
Reshanau Lake,2012,1
Reshanau Lake,2013,1
Reshanau Lake,2014,
Rest Area Pond,2006,1
Rest Area Pond,2007,1
Rest Area Pond,2008,0
Rest Area Pond,2009,0
Rest Area Pond,2010,1
Rest Area Pond,2011,2
Rest Area Pond,2012,1
Rest Area Pond,2013,1
Rest Area Pond,2014,2
Rice Elm Lake,2007,0
Rice Elm Lake,2008,1
Rice Elm Lake,2009,0
Rice Elm Lake,2010,1
Rice Elm Lake,2011,1
Rice Lake,1980,
Rice Lake,1999,
Riley Lake,1980,2
Riley Lake,1981,2
Riley Lake,1982,2
Riley Lake,1983,2
Riley Lake,1984,2
Riley Lake,1985,2
Riley Lake,1986,2
Riley Lake,1987,2
Riley Lake,1990,
Riley Lake,1991,2
Riley Lake,1993,2
Riley Lake,1997,2
Riley Lake,2000,2
Riley Lake,2002,2
Riley Lake,2008,
Riley Lake,2009,
Riley Lake,2010,
Riley Lake,2011,
Riley Lake,2012,
Riley Lake,2013,
Riley Lake,2003,2
Riley Lake,2004,2
Riley Lake,2005,2
Riley Lake,2006,3
Riley Lake,2007,3
Riley Lake,2008,2
Riley Lake,2009,2
Riley Lake,2010,2
Riley Lake,2011,2
Riley Lake,2012,2
Riley Lake,2013,2
Riley Lake,2014,2
Rogers Lake,2007,2
Rogers Lake,2008,3
Rogers Lake,2009,3
Rogers Lake,2010,3
Rogers Lake,2011,3
Rogers Lake,2012,
Rogers Lake,2013,
Rogers Lake,2014,
Rose Lake,2006,1
Rose Lake,2007,1
Rose Lake,2008,1
Rose Lake,2009,0
Rose Lake,2010,0
Rutz Lake,1999,
Rutz Lake,2000,1
Rutz Lake,2001,
Rutz Lake,2006,1
Rutz Lake,2007,0
Rutz Lake,2008,0
Rutz Lake,2009,0
Rutz Lake,2010,
Rutz Lake,2011,1
Ryan Lake,1996,2
Ryan Lake,1998,3
Ryan Lake,2000,1
Ryan Lake,2002,3
Ryan Lake,2003,3
Ryan Lake,2008,3
Ryan Lake,2010,3
Ryan Lake,2012,
Sanborn Lake,2007,1
Sand Lake,1993,2
Sand Lake,1994,2
Sand Lake,1995,2
Sand Lake,1996,2
Sand Lake,2002,2
Sand Lake,2003,2
Sand Lake,2004,3
Sand Lake,2005,2
Sand Lake,2006,2
Sand Lake,2007,3
Sand Lake,2008,2
Sand Lake,2009,3
Sand Lake,2010,2
Sand Lake,2011,
Sand Lake,2013,
Sand Lake,2014,2
Sarah Lake,1980,
Sarah Lake,1983,
Scheuble Lake,1999,
Schmidt Lake,1995,2
Schmidt Lake,1998,2
Schmidt Lake,2000,2
Schmidt Lake,2001,2
Schmidt Lake,2004,2
Schmidt Lake,2005,2
Schmidt Lake,2007,3
Schmidt Lake,2011,4
School Lake,2005,2
School Lake,2006,2
School Lake,2007,2
School Lake,2009,2
Schroeder Pond,2004,3
Schroeder Pond,2005,1
Schroeder Pond,2006,2
Schroeder Pond,2007,2
Schultz Lake,1984,3
Schultz Lake,1985,3
Schultz Lake,1999,4
Schutz Lake,1984,3
Schutz Lake,2000,3
Schutz Lake,2001,3
Schutz Lake,2002,3
Schutz Lake,2003,2
Schutz Lake,2004,2
Schutz Lake,2005,2
Schutz Lake,2009,
Scout Lake,2007,1
Scout Lake,2008,2
Scout Lake,2009,1
Scout Lake,2010,1
Scout Lake,2011,0
Scout Lake,2012,1
Scout Lake,2013,2
Scout Lake,2014,1
Sea Lake,2008,2
Sea Lake,2009,1
Sed Basin Adj to Valley Lake,1995,1
Sed Basin Adj to Valley Lake,1996,1
Sed Basin Adj to Valley Lake,1997,2
Sed Basin Adj to Valley Lake,2000,2
Sed Basin Adj to Valley Lake,2001,3
Sed Basin Adj to Valley Lake,2002,3
Sed Basin Adj to Valley Lake,2003,3
Sed Basin Adj to Valley Lake,2004,2
Sed Basin Adj to Valley Lake,2005,2
Seidl Lake,1991,2
Seidl Lake,1995,3
Seidl Lake,1996,3
Seidl Lake,1997,2
Seidl Lake,1998,2
Seidl Lake,1999,1
Seidl Lake,2000,2
Seidl Lake,2001,2
Seidl Lake,2002,1
Seidl Lake,2003,2
Seidl Lake,2004,2
Seidl Lake,2005,2
Seidl Lake,2006,1
Seidl Lake,2007,1
Seidl Lake,2008,
Seidl Lake,2009,
Seidl Lake,2010,2
Seidl Lake,2011,1
Seidl Lake,2012,
Seidl Lake,2014,
Shady Oak Lake,2009,4
Shady Oak Lake,2010,4
Shavers Lake,2005,2
Shavers Lake,2006,2
Shields Lake,1991,2
Shields Lake,1993,1
Shields Lake,1994,2
Shields Lake,1995,2
Shields Lake,1996,2
Shields Lake,1997,2
Shields Lake,1998,1
Shields Lake,1999,1
Shields Lake,2000,1
Shields Lake,2001,1
Shields Lake,2002,1
Shields Lake,2003,1
Shields Lake,2004,1
Shields Lake,2005,1
Shields Lake,2006,1
Shields Lake,2007,1
Shields Lake,2012,1
Shields Lake,2013,1
Shields Lake,2014,1
Silver Lake,1984,2
Silver Lake,1985,3
Silver Lake,1986,2
Silver Lake,1987,3
Silver Lake,1988,3
Silver Lake,1989,3
Silver Lake,1990,3
Silver Lake,1991,3
Silver Lake,1992,3
Silver Lake,1993,3
Silver Lake,1994,4
Silver Lake,1995,3
Silver Lake,1996,4
Silver Lake,1997,4
Silver Lake,1998,4
Silver Lake,1999,3
Silver Lake,2000,3
Silver Lake,2001,3
Silver Lake,2002,3
Silver Lake,2003,3
Silver Lake,2004,3
Silver Lake,2005,4
Silver Lake,2006,3
Silver Lake,2007,2
Silver Lake,2008,2
Silver Lake,2009,3
Silver Lake,2010,
Simley Lake,1993,2
Simley Lake,1995,2
Simley Lake,1996,3
Simley Lake,1997,3
Simley Lake,1998,3
Simley Lake,1999,2
Simley Lake,2000,2
Simley Lake,2001,2
Simley Lake,2002,2
Simley Lake,2012,2
Simley Lake,2013,2
Smetana Lake,2013,3
Snail Lake,1980,
Snail Lake,1985,
South Oak Lake,2002,1
South Oak Lake,2003,1
South Oak Lake,2006,1
South Oak Lake,2007,0
South Oak Lake,2008,0
South Oak Lake,2009,2
South Oak Lake,2010,
South Oak Lake,2011,2
South Oak Lake,2012,1
South Oak Lake,2013,1
South Oak Lake,2014,
South Rice Lake,2000,0
South Rice Lake,2001,1
South Rice Lake,2002,1
South Rice Lake,2003,1
South Rice Lake,2004,2
South Rice Lake,2005,1
South Rice Lake,2006,1
South Rice Lake,2007,1
South Rice Lake,2008,1
South School Section Lake,1995,2
South School Section Lake,1996,2
South School Section Lake,1998,2
South School Section Lake,2005,2
South School Section Lake,2006,2
South School Section Lake,2007,2
South School Section Lake,2008,2
South School Section Lake,2009,3
South School Section Lake,2010,2
South School Section Lake,2011,2
South School Section Lake,2012,2
South School Section Lake,2013,2
South School Section Lake,2014,
South Twin Lake,1996,1
South Twin Lake,1997,1
South Twin Lake,1998,1
South Twin Lake,1999,0
South Twin Lake,2000,2
South Twin Lake,2001,1
South Twin Lake,2003,
South Twin Lake,2004,2
South Twin Lake,2005,2
South Twin Lake,2006,1
South Twin Lake,2007,1
South Twin Lake,2008,1
South Twin Lake,2009,2
South Twin Lake,2010,3
South Twin Lake,2011,2
Spring Lake,1980,1
Spring Lake,1981,2
Spring Lake,1982,2
Spring Lake,1984,1
Spring Lake,1990,
Spring Lake,1996,1
Spring Lake,1997,1
Spring Lake,2000,1
Spring Lake,2001,3
Spring Lake,2002,0
Spring Lake,2003,2
Spring Lake,2004,1
Spring Lake,2005,2
Spring Lake,2006,2
Spring Lake,2007,2
Spring Lake,2008,1
Spring Lake,2009,1
Spring Lake,2010,1
Spring Lake,2011,1
Spring Lake,2012,1
Spring Lake,2013,1
Square Lake,1980,4
Square Lake,1981,4
Square Lake,1982,4
Square Lake,1983,4
Square Lake,1984,4
Square Lake,1985,4
Square Lake,1989,4
Square Lake,1993,4
Square Lake,1994,4
Square Lake,1995,4
Square Lake,1996,4
Square Lake,1997,4
Square Lake,1998,4
Square Lake,1999,4
Square Lake,2000,4
Square Lake,2001,4
Square Lake,2002,4
Square Lake,2003,4
Square Lake,2004,4
Square Lake,2005,4
Square Lake,2006,4
Square Lake,2007,4
Square Lake,2008,
Square Lake,2009,
Square Lake,2010,4
Square Lake,2011,4
Square Lake,2012,4
Square Lake,2013,4
Square Lake,2014,4
St. Joe Lake,2004,4
St. Joe Lake,2005,4
St. Joe Lake,2006,3
St. Joe Lake,2007,4
St. Joe Lake,2008,4
St. Joe Lake,2009,3
St. Joe Lake,2010,4
St. Joe Lake,2011,4
St. Joe Lake,2012,4
St. Joe Lake,2013,
St. Joe Lake,2014,4
Staples Lake,1997,3
Staples Lake,1998,3
Staples Lake,1999,3
Staples Lake,2000,3
Staples Lake,2001,3
Staples Lake,2004,3
Staples Lake,2005,4
Staples Lake,2006,3
Staples Lake,2007,3
Staples Lake,2008,
Staples Lake,2009,
Staples Lake,2013,
Staples Lake,2014,
Staring Lake,1980,1
Staring Lake,1985,1
Staring Lake,1995,1
Staring Lake,1999,1
Staring Lake,2001,1
Staring Lake,2004,0
Staring Lake,2006,0
Stieger Lake,1984,3
Stieger Lake,1989,2
Stieger Lake,1995,3
Success Lake,1996,3
Success Lake,1999,
Success Lake,2003,2
Success Lake,2006,2
Success Lake,2008,2
Success Lake,2011,1
Success Lake,2014,2
Sucker Lake,1985,
Sullivan Lake,1993,1
Sullivan Lake,1994,1
Sullivan Lake,1995,1
Sullivan Lake,1997,1
Sullivan Lake,1998,1
Sullivan Lake,1999,1
Sullivan Lake,2000,1
Sullivan Lake,2001,1
Sullivan Lake,2002,0
Sullivan Lake,2003,1
Sunfish Lake,2000,2
Sunfish Lake,2005,1
Sunfish Lake,2006,2
Sunfish Lake,2007,2
Sunfish Lake,2008,2
Sunfish Lake,2009,3
Sunfish Lake,2010,2
Sunfish Lake,2011,3
Sunfish Lake,2012,3
Sunfish Lake,2013,2
Sunfish Lake,2014,2
Sunfish Lake,2010,
Sunfish Lake,2011,
Sunfish Lake,2012,
Sunfish Lake,2013,
Sunnybrook Lake,1999,2
Sunnybrook Lake,2001,3
Sunnybrook Lake,2002,3
Sunnybrook Lake,2003,3
Sunnybrook Lake,2004,3
Sunnybrook Lake,2005,3
Sunnybrook Lake,2006,3
Sunnybrook Lake,2007,3
Sunnybrook Lake,2008,4
Sunnybrook Lake,2009,4
Sunnybrook Lake,2010,4
Sunnybrook Lake,2011,3
Sunnybrook Lake,2012,4
Sunnybrook Lake,2014,
Sunset Lake,1984,2
Sunset Lake,1993,2
Sunset Lake,1994,3
Sunset Lake,1995,2
Sunset Lake,1996,2
Sunset Lake,1997,2
Sunset Lake,1998,2
Sunset Lake,1999,2
Sunset Lake,2000,3
Sunset Lake,2001,4
Sunset Lake,2002,4
Sunset Lake,2003,4
Sunset Lake,2004,4
Sunset Lake,2005,4
Sunset Lake,2006,4
Sunset Lake,2007,4
Sunset Lake,2008,4
Sunset Lake,2009,4
Sunset Lake,2010,
Sunset Lake,2011,3
Sunset Lake,2012,4
Sunset Lake,2013,4
Sunset Lake,2014,4
Sunset Pond,1994,3
Sunset Pond,1995,2
Sunset Pond,1996,2
Sunset Pond,1997,2
Sunset Pond,1998,3
Sunset Pond,2000,3
Sunset Pond,2001,3
Sunset Pond,2002,3
Sunset Pond,2003,2
Sunset Pond,2004,3
Sunset Pond,2006,2
Sunset Pond,2007,3
Sunset Pond,2008,3
Sunset Pond,2009,3
Sunset Pond,2010,3
Sunset Pond,2011,3
Sunset Pond,2012,3
Sunset Pond,2013,3
Sunset Pond,2014,3
Susan Lake,2006,2
Susan Lake,2007,2
Susan Lake,2008,1
Susan Lake,2009,2
Susan Lake,2010,2
Susan Lake,2011,2
Susan Lake,2012,1
Susan Lake,2013,2
Susan Lake,2014,2
Swede Lake,1980,
Swede Lake,1996,0
Swede Lake,2001,1
Swede Lake,2002,1
Swede Lake,2003,0
Swede Lake,2004,0
Swede Lake,2005,1
Swede Lake,2006,0
Swede Lake,2007,0
Swede Lake,2008,0
Swede Lake,2009,0
Swede Lake,2010,0
Swede Lake,2011,0
Swede Lake,2012,0
Swede Lake,2013,0
Swede Lake,2014,1
Sweeney Lake,2000,2
Sweeney Lake,2001,2
Sweeney Lake,2002,2
Sweeney Lake,2003,2
Sweeney Lake,2004,2
Sweeney Lake,2005,2
Sweeney Lake,2006,1
Sweeney Lake,2007,2
Sweeney Lake,2008,2
Sweeney Lake,2009,2
Sweeney Lake,2010,2
Sweeney Lake,2011,2
Sweeney Lake,2012,2
Sweeney Lake,2013,2
Sweeney Lake,2014,2
Sylvan Lake,2008,1
Sylvan Lake,2012,0
Sylvan Lake,2013,1
Sylvan Lake,2014,0
Tamarack Lake,2000,2
Tamarack Lake,2001,3
Tamarack Lake,2002,3
Tamarack Lake,2003,2
Tamarack Lake,2004,2
Tamarack Lake,2005,2
Tamarack Lake,2006,2
Tamarack Lake,2007,3
Tamarack Lake,2008,3
Tamarack Lake,2009,3
Tanners Lake,1980,3
Tanners Lake,1983,3
Tanners Lake,1984,2
Tanners Lake,1985,3
Tanners Lake,1986,3
Tanners Lake,1987,3
Tanners Lake,1988,3
Tanners Lake,1993,3
Tanners Lake,1994,3
Tanners Lake,1995,3
Tanners Lake,1996,3
Terrapin Lake,2004,4
Terrapin Lake,2005,4
Terrapin Lake,2006,3
Terrapin Lake,2007,3
Terrapin Lake,2008,
Terrapin Lake,2009,
Terrapin Lake,2010,
Terrapin Lake,2011,
Terrapin Lake,2012,
Terrapin Lake,2013,
Terrapin Lake,2014,4
Third Lake,2014,
Thole Lake,1984,1
Thole Lake,1994,1
Thole Lake,1997,2
Thole Lake,2000,1
Thole Lake,2002,1
Thole Lake,2005,1
Thole Lake,2006,1
Thole Lake,2009,
Thole Lake,2010,
Thole Lake,2011,2
Thomas Lake,1980,
Tiger Lake,1999,
Turtle Lake,1980,
Turtle Lake,1981,
Turtle Lake,1983,
Turtle Lake,1991,0
Turtle Lake,1992,0
Turtle Lake,1996,1
Turtle Lake,1997,1
Turtle Lake,1998,1
Turtle Lake,1999,2
Turtle Lake,2000,2
Turtle Lake,2001,2
Turtle Lake,2003,2
Turtle Lake,2004,
Turtle Lake,2005,
Turtle Lake,2006,
Turtle Lake,2007,
Turtle Lake,2008,
Turtle Lake,2009,
Turtle Lake,2010,
Turtle Lake,2012,
Turtle Lake,2013,
Turtle Lake,2014,
Twin Lake,1985,3
Twin Lake,1991,1
Twin Lake,1993,2
Twin Lake,1996,2
Twin Lake,1997,4
Twin Lake,1998,4
Twin Lake,1999,2
Twin Lake,2000,2
Twin Lake,2001,3
Twin Lake,2002,3
Twin Lake,2003,3
Twin Lake,2004,1
Twin Lake,2005,3
Twin Lake,2006,2
Twin Lake,2007,3
Twin Lake,2008,4
Twin Lake,2009,4
Twin Lake,2010,4
Twin Lake,2011,3
Twin Lake,2012,1
Twin Lake,2013,4
Twin Lake,2014,4
Upper Prior Lake,1980,1
Upper Prior Lake,1981,1
Upper Prior Lake,1984,1
Upper Prior Lake,1989,1
Upper Prior Lake,1990,
Upper Prior Lake,1996,2
Upper Prior Lake,1997,2
Upper Prior Lake,1998,1
Upper Prior Lake,1999,1
Upper Prior Lake,2000,1
Upper Prior Lake,2001,1
Upper Prior Lake,2002,1
Upper Prior Lake,2003,2
Upper Prior Lake,2004,1
Upper Prior Lake,2005,2
Upper Prior Lake,2006,1
Upper Prior Lake,2007,1
Upper Prior Lake,2008,2
Upper Prior Lake,2009,2
Upper Prior Lake,2010,2
Upper Prior Lake,2011,2
Upper Prior Lake,2012,1
Upper Prior Lake,2013,2
Vadnais Lake,1985,
Valentine Lake,2001,2
Valentine Lake,2002,2
Valentine Lake,2003,2
Valentine Lake,2004,2
Valentine Lake,2005,2
Valentine Lake,2006,2
Valentine Lake,2007,2
Valentine Lake,2008,2
Valley Lake,1995,1
Valley Lake,1996,1
Valley Lake,1997,2
Valley Lake,1999,
Valley Lake,2000,2
Valley Lake,2001,3
Valley Lake,2002,3
Valley Lake,2003,3
Valley Lake,2004,2
Valley Lake,2005,2
Valley Lake,2006,1
Valley Lake,2007,2
Valley Lake,2008,2
Valley Lake,2009,3
Valley Lake,2010,1
Valley Lake,2011,2
Valley Lake,2012,2
Valley Lake,2013,0
Valley Lake,2014,2
Virginia Lake,2000,2
Virginia Lake,2001,2
Virginia Lake,2002,2
Virginia Lake,2003,2
Virginia Lake,2004,2
Virginia Lake,2005,2
Wabasso Lake,1980,
Wabasso Lake,1981,
Wabasso Lake,1983,
Wabasso Lake,1989,
Waconia Lake,1980,2
Waconia Lake,1981,3
Waconia Lake,1985,3
Waconia Lake,1990,
Waconia Lake,1994,4
Waconia Lake,1995,3
Waconia Lake,1996,3
Waconia Lake,1997,3
Waconia Lake,1998,2
Waconia Lake,1999,2
Waconia Lake,2000,2
Waconia Lake,2001,3
Waconia Lake,2002,3
Waconia Lake,2003,2
Waconia Lake,2004,3
Waconia Lake,2005,3
Waconia Lake,2006,2
Waconia Lake,2007,2
Waconia Lake,2008,2
Waconia Lake,2009,3
Waconia Lake,2010,2
Waconia Lake,2011,2
Waconia Lake,2012,3
Waconia Lake,2013,3
Waconia Lake,2014,2
Wasserman Lake,1983,1
Wasserman Lake,1986,2
Wasserman Lake,1987,2
Wasserman Lake,1994,2
Wasserman Lake,1997,2
Wasserman Lake,1998,1
Wasserman Lake,1999,1
Wasserman Lake,2002,2
Wasserman Lake,2003,2
Wasserman Lake,2006,2
Weaver Lake,1983,
Weaver Lake,1986,
Weaver Lake,1987,
Weber Pond,2006,2
Weber Pond,2008,
Weber Pond,2009,3
Weber Pond,2010,3
West Boot Lake,1996,3
West Boot Lake,1997,2
West Boot Lake,1998,3
West Boot Lake,1999,4
West Boot Lake,2000,4
West Boot Lake,2001,4
West Boot Lake,2002,4
West Boot Lake,2003,4
West Boot Lake,2004,4
West Boot Lake,2005,4
West Boot Lake,2006,4
West Boot Lake,2007,4
West Boot Lake,2008,
West Boot Lake,2009,
West Boot Lake,2010,
West Boot Lake,2012,4
West Boot Lake,2013,4
West Boot Lake,2014,4
West Lakeland Storage Site,2000,
West Lakeland Storage Site,2008,2
West Lakeland Storage Site,2009,2
West Lakeland Storage Site,2010,1
Westwood Lake,1982,1
Westwood Lake,1993,2
Westwood Lake,2000,3
Westwood Lake,2001,2
Westwood Lake,2002,2
Westwood Lake,2003,3
Westwood Lake,2004,3
Westwood Lake,2005,2
Westwood Lake,2006,2
Westwood Lake,2007,2
Westwood Lake,2008,3
Westwood Lake,2009,2
Westwood Lake,2010,3
Westwood Lake,2011,2
Westwood Lake,2012,2
Westwood Lake,2013,
Westwood Lake,2014,
Whaletail Lake,1980,1
Whaletail Lake,1984,
Whaletail Lake,1985,1
Whaletail Lake,1998,2
Whaletail Lake,2001,2
Whaletail Lake,2004,2
Whaletail Lake,2005,2
Whaletail Lake,2008,
Whaletail Lake,2009,
White Bear Lake,1980,
White Bear Lake,1981,
White Bear Lake,1984,
White Rock Lake,2006,1
White Rock Lake,2007,1
White Rock Lake,2008,1
White Rock Lake,2009,1
White Rock Lake,2010,2
White Rock Lake,2011,2
White Rock Lake,2012,2
White Rock Lake,2013,2
White Rock Lake,2014,
Wilmes Lake,1994,3
Wilmes Lake,1995,2
Wilmes Lake,1996,2
Wilmes Lake,1997,1
Wilmes Lake,1998,1
Wilmes Lake,1999,2
Wilmes Lake,2000,2
Wilmes Lake,2001,1
Wilmes Lake,2002,1
Wilmes Lake,2003,2
Wilmes Lake,2004,2
Wilmes Lake,2005,1
Wilmes Lake,2006,2
Wilmes Lake,2007,2
Wilmes Lake,2008,2
Wilmes Lake,2009,2
Wilmes Lake,2010,2
Wilmes Lake,2011,2
Wilmes Lake,2012,2
Wilmes Lake,2013,2
Wilmes Lake,2014,2
Windsor Lake,2004,0
Windsor Lake,2005,1
Wing Lake,2006,1
Wing Lake,2007,1
Wing Lake,2008,1
Wing Lake,2009,1
Wing Lake,2010,1
Wing Lake,2011,1
Wing Lake,2012,1
Wing Lake,2013,1
Wing Lake,2014,
Winkler Lake,1995,2
Winkler Lake,1999,0
Winkler Lake,2000,0
Winkler Lake,2001,1
Winkler Lake,2003,0
Winkler Lake,2005,0
Winkler Lake,2007,1
Winkler Lake,2008,0
Winkler Lake,2010,0
Winkler Lake,2011,0
Wolsfeld Lake,1980,
Wood Lake,1996,2
Wood Lake,1997,2
Wood Lake,1998,3
Wood Lake,1999,2
Wood Lake,2000,2
Wood Lake,2001,2
Wood Lake,2002,2
Wood Lake,2003,2
Wood Lake,2004,2
Wood Lake,2005,2
Wood Lake,2006,2
Wood Lake,2007,2
Wood Lake,2008,2
Wood Lake,2009,2
Wood Lake,2010,2
Wood Lake,2011,3
Wood Lake,2012,1
Wood Lake,2013,3
Wood Lake,2014,2
Woodpile Lake,2006,2
Woodpile Lake,2007,3
Woodpile Lake,2008,2
Woodpile Lake,2009,3
Woodpile Lake,2010,2
Woodpile Lake,2011,3
Woodpile Lake,2012,3
Woodpile Lake,2013,4
Woodpile Lake,2014,3
Young America Lake,1999,
Zumbra Lake,1984,3
Zumbra Lake,1990,
Zumbra Lake,2002,3
